{
  "people": [
    {
      "first": "Joe",
      "last": "Smith",
      "id": 1
    },
    {
      "first": "Laurence",
      "last": "Svekis",
      "id": 2
    },
    {
      "first": "555",
      "last": "555",
      "id": 3
    },
    {
      "first": "Laurence",
      "last": "Svekis",
      "id": 4
    },
    {
      "first": "new",
      "last": "data",
      "id": 5
    },
    {
      "first": "dfsfdsfsd",
      "last": "dfdfs",
      "id": 6
    },
    {
      "first": "dfsfdsfsd",
      "last": "dfdfsczcx",
      "id": 7
    },
    {
      "first": "Jane",
      "last": "Smith",
      "id": 8
    },
    {
      "first": "John",
      "last": "Smith",
      "id": 9
    }
  ],
  "posts": [
    {
      "id": 1,
      "title": "tester",
      "name": "Laurence"
    },
    {
      "title": "mr",
      "name": "Laurence Svekis",
      "id": 2
    },
    {
      "title": "new title",
      "name": "new name",
      "id": 3
    },
    {
      "title": "mr",
      "name": "Laurence Svekis",
      "id": 4
    },
    {
      "title": "Mr",
      "name": "Laurence",
      "id": 5
    },
    {
      "title": "Mr",
      "name": "Laurence",
      "id": 6
    },
    {
      "title": "Tester",
      "name": "New",
      "id": 7
    }
  ],
  "comments": [
    {
      "id": 1,
      "body": "Content",
      "postId": 1
    }
  ],
  "profile": {
    "name": "typicode"
  }
}